id,name,email,age,country,signup_date
1,Taylor Smith,taylor.smith1@test.org,33,Finland,2024-11-18
2,Taylor Hernandez,taylor.hernandez2@example.com,55,Brazil,2025-06-26
3,Alex Johnson,alex.johnson3@mail.com,32,Australia,2025-07-07
4,Hayden Brown,hayden.brown4@demo.net,32,Canada,2024-02-08
5,Alex Gonzalez,alex.gonzalez5@mail.com,62,Brazil,2023-10-04
6,Quinn Williams,quinn.williams6@mail.com,66,Japan,2025-02-02
7,Jordan Miller,jordan.miller7@example.com,40,Japan,2024-03-07
8,Sam Lopez,sam.lopez8@demo.net,52,UK,2023-07-17
9,Jordan Rodriguez,jordan.rodriguez9@test.org,58,France,2023-08-21
10,Kendall Brown,kendall.brown10@example.com,20,Finland,2024-01-16
11,Jordan Wilson,jordan.wilson11@mail.com,24,Brazil,2024-02-08
12,Rowan Hernandez,rowan.hernandez12@test.org,28,Japan,2023-09-03
13,Morgan Hernandez,morgan.hernandez13@test.org,62,UK,2024-09-14
14,Hayden Lopez,hayden.lopez14@mail.com,28,Canada,2023-07-15
15,Quinn Anderson,quinn.anderson15@mail.com,61,Japan,2025-05-08
16,Drew Wilson,drew.wilson16@example.com,69,Japan,2023-06-01
17,Quinn Johnson,quinn.johnson17@mail.com,54,Japan,2024-06-21
18,Skyler Miller,skyler.miller18@demo.net,27,India,2024-11-18
19,Drew Lopez,drew.lopez19@test.org,65,France,2023-04-06
20,Kendall Miller,kendall.miller20@test.org,32,Germany,2022-10-22
21,Skyler Johnson,skyler.johnson21@example.com,25,Germany,2024-10-07
22,Reese Martinez,reese.martinez22@example.com,42,Brazil,2023-01-15
23,Cameron Jones,cameron.jones23@example.com,61,UK,2024-03-02
24,Jamie Johnson,jamie.johnson24@test.org,45,Germany,2023-02-13
25,Alex Lopez,alex.lopez25@test.org,50,Germany,2022-10-26
26,Taylor Wilson,taylor.wilson26@test.org,58,Australia,2024-07-19
27,Casey Garcia,casey.garcia27@mail.com,52,Australia,2025-08-29
28,Blake Garcia,blake.garcia28@demo.net,19,UK,2023-08-18
29,Avery Brown,avery.brown29@example.com,33,France,2025-03-22
30,Jordan Lopez,jordan.lopez30@demo.net,70,UK,2022-09-05
31,Casey Williams,casey.williams31@demo.net,53,Germany,2024-03-06
32,Cameron Wilson,cameron.wilson32@demo.net,31,Australia,2024-07-15
33,Avery Miller,avery.miller33@test.org,46,Australia,2023-02-18
34,Taylor Brown,taylor.brown34@mail.com,22,Japan,2025-07-18
35,Kendall Rodriguez,kendall.rodriguez35@mail.com,55,Finland,2025-08-16
36,Jordan Lopez,jordan.lopez36@example.com,32,UK,2025-06-27
37,Jamie Johnson,jamie.johnson37@mail.com,35,Canada,2024-06-18
38,Hayden Williams,hayden.williams38@demo.net,33,Canada,2023-05-20
39,Morgan Johnson,morgan.johnson39@example.com,60,Brazil,2023-09-05
40,Reese Miller,reese.miller40@demo.net,64,USA,2025-02-10
41,Sam Miller,sam.miller41@test.org,69,UK,2024-04-08
42,Morgan Brown,morgan.brown42@demo.net,26,Brazil,2024-08-20
43,Quinn Davis,quinn.davis43@mail.com,22,Canada,2025-02-11
44,Sam Hernandez,sam.hernandez44@example.com,23,Finland,2024-09-24
45,Reese Davis,reese.davis45@demo.net,31,Brazil,2025-05-02
46,Riley Miller,riley.miller46@example.com,42,India,2023-02-11
47,Avery Miller,avery.miller47@demo.net,27,Finland,2024-01-01
48,Morgan Smith,morgan.smith48@example.com,65,Japan,2025-05-05
49,Sam Martinez,sam.martinez49@demo.net,50,Australia,2024-10-12
50,Sam Rodriguez,sam.rodriguez50@example.com,29,UK,2025-04-13
